{
  "system_info": {
    "cpu_count": 20,
    "memory_total_gb": 31.72643280029297,
    "python_version": "3.12.7",
    "platform": "Windows-11-10.0.26100-SP0"
  },
  "test_results": {
    "10million_variables": {
      "total_time": 1.0923349857330322,
      "memory_usage_mb": 0.55859375,
      "success_count": 100,
      "error_count": 0,
      "avg_response_ms": 10.901000499725342,
      "throughput": 91.54700829516423
    },
    "100_concurrent": {
      "total_time": 0.08928823471069336,
      "memory_usage_mb": 0.328125,
      "success_count": 100,
      "avg_response_ms": 27.662103176116943,
      "p95_response_ms": 47.77177572250366,
      "p99_response_ms": 48.68687629699708,
      "throughput": 1119.9683846815237,
      "error_rate": 0.0
    },
    "raspberry_pi": {
      "total_time": 30.053699731826782,
      "memory_usage_mb": 0.03125,
      "success_count": 148,
      "avg_response_ms": 102.54205723066588,
      "throughput": 4.92451848925836,
      "error_rate": 0.0
    }
  }
}