{
  "system_info": {
    "cpu_count": 20,
    "memory_total_gb": 31.72643280029297,
    "python_version": "3.12.7",
    "platform": "Windows-11-10.0.26100-SP0"
  },
  "test_results": {
    "10million_variables": {
      "total_time": 1.1073133945465088,
      "memory_usage_mb": 0.5859375,
      "success_count": 100,
      "error_count": 0,
      "avg_response_ms": 10.957334041595459,
      "throughput": 90.30867005898921
    },
    "100_concurrent": {
      "total_time": 0.09274768829345703,
      "memory_usage_mb": 0.328125,
      "success_count": 100,
      "avg_response_ms": 31.280767917633053,
      "p95_response_ms": 48.72468709945679,
      "p99_response_ms": 49.410772323608406,
      "throughput": 1078.193988874379,
      "error_rate": 0.0
    },
    "raspberry_pi": {
      "total_time": 30.0645112991333,
      "memory_usage_mb": 0.03125,
      "success_count": 148,
      "avg_response_ms": 102.49340212022936,
      "throughput": 4.922747571960917,
      "error_rate": 0.0
    }
  }
}