{
  "system_info": {
    "cpu_count": 20,
    "memory_total_gb": 31.72643280029297,
    "python_version": "3.12.7",
    "platform": "Windows-11-10.0.26100-SP0"
  },
  "test_results": {
    "10million_variables": {
      "total_time": 1.0770156383514404,
      "memory_usage_mb": 0.5625,
      "success_count": 100,
      "error_count": 0,
      "avg_response_ms": 10.76848030090332,
      "throughput": 92.84916248111993
    },
    "100_concurrent": {
      "total_time": 0.09068942070007324,
      "memory_usage_mb": 0.33203125,
      "success_count": 100,
      "avg_response_ms": 29.778602123260498,
      "p95_response_ms": 47.74390459060668,
      "p99_response_ms": 50.14627218246461,
      "throughput": 1102.6644478270357,
      "error_rate": 0.0
    },
    "raspberry_pi": {
      "total_time": 30.038483381271362,
      "memory_usage_mb": 0.03125,
      "success_count": 148,
      "avg_response_ms": 102.47445267599981,
      "throughput": 4.927013062592775,
      "error_rate": 0.0
    }
  }
}