{
  "system_info": {
    "cpu_count": 20,
    "memory_total_gb": 31.72643280029297,
    "python_version": "3.12.7",
    "platform": "Windows-11-10.0.26100-SP0"
  },
  "test_results": {
    "10million_variables": {
      "total_time": 1.0734615325927734,
      "memory_usage_mb": 0.5625,
      "success_count": 100,
      "error_count": 0,
      "avg_response_ms": 10.72185754776001,
      "throughput": 93.1565752137071
    },
    "100_concurrent": {
      "total_time": 0.08747649192810059,
      "memory_usage_mb": 0.328125,
      "success_count": 100,
      "avg_response_ms": 24.65357780456543,
      "p95_response_ms": 47.80921936035156,
      "p99_response_ms": 49.80315446853638,
      "throughput": 1143.1642695753374,
      "error_rate": 0.0
    },
    "raspberry_pi": {
      "total_time": 30.02275848388672,
      "memory_usage_mb": 0.03125,
      "success_count": 148,
      "avg_response_ms": 102.39638025696213,
      "throughput": 4.929593664067609,
      "error_rate": 0.0
    }
  }
}