{
  "system_info": {
    "cpu_count": 20,
    "memory_total_gb": 31.72643280029297,
    "python_version": "3.12.7",
    "platform": "Windows-11-10.0.26100-SP0"
  },
  "test_results": {
    "10million_variables": {
      "total_time": 1.1135892868041992,
      "memory_usage_mb": 0.5546875,
      "success_count": 100,
      "error_count": 0,
      "avg_response_ms": 11.128783226013184,
      "throughput": 89.79971447730249
    },
    "100_concurrent": {
      "total_time": 0.09208559989929199,
      "memory_usage_mb": 0.328125,
      "success_count": 100,
      "avg_response_ms": 28.660099506378174,
      "p95_response_ms": 47.11410999298096,
      "p99_response_ms": 49.3112587928772,
      "throughput": 1085.9461208849534,
      "error_rate": 0.0
    },
    "raspberry_pi": {
      "total_time": 30.066702365875244,
      "memory_usage_mb": 0.03125,
      "success_count": 148,
      "avg_response_ms": 102.63619873974774,
      "throughput": 4.922388833967217,
      "error_rate": 0.0
    }
  }
}