{
  "system_info": {
    "cpu_count": 20,
    "memory_total_gb": 31.72643280029297,
    "python_version": "3.12.7",
    "platform": "Windows-11-10.0.26100-SP0"
  },
  "test_results": {
    "10million_variables": {
      "total_time": 1.0978903770446777,
      "memory_usage_mb": 0.55859375,
      "success_count": 100,
      "error_count": 0,
      "avg_response_ms": 10.978903770446777,
      "throughput": 91.0837749294988
    },
    "100_concurrent": {
      "total_time": 0.08911252021789551,
      "memory_usage_mb": 0.328125,
      "success_count": 100,
      "avg_response_ms": 26.74494743347168,
      "p95_response_ms": 46.856629848480225,
      "p99_response_ms": 49.31830644607545,
      "throughput": 1122.1767688253315,
      "error_rate": 0.0
    },
    "raspberry_pi": {
      "total_time": 30.199018955230713,
      "memory_usage_mb": 0.03125,
      "success_count": 149,
      "avg_response_ms": 102.19897679834558,
      "throughput": 4.933935112954787,
      "error_rate": 0.0
    }
  }
}