{
  "system_info": {
    "cpu_count": 20,
    "memory_total_gb": 31.72643280029297,
    "python_version": "3.12.7",
    "platform": "Windows-11-10.0.26100-SP0"
  },
  "test_results": {
    "10million_variables": {
      "total_time": 1.0647859573364258,
      "memory_usage_mb": 0.55078125,
      "success_count": 100,
      "error_count": 0,
      "avg_response_ms": 10.637891292572021,
      "throughput": 93.9155886786403
    },
    "100_concurrent": {
      "total_time": 0.09002232551574707,
      "memory_usage_mb": 0.3359375,
      "success_count": 100,
      "avg_response_ms": 27.367115020751953,
      "p95_response_ms": 47.93272018432617,
      "p99_response_ms": 49.5659613609314,
      "throughput": 1110.835555814514,
      "error_rate": 0.0
    },
    "raspberry_pi": {
      "total_time": 30.01505398750305,
      "memory_usage_mb": 0.03125,
      "success_count": 148,
      "avg_response_ms": 102.38608959558849,
      "throughput": 4.930859030325939,
      "error_rate": 0.0
    }
  }
}